run,qid,image_path,question,model_answer,error
1,1,C:\Users\Melita\CSE 4001\VLM-Eval-Research\data\VLAT\images\LineChart.png,What was the price of a barrel of oil in February 2015?, A) $30 B) $40 C) $50 D) $60 ,
1,2,C:\Users\Melita\CSE 4001\VLM-Eval-Research\data\VLAT\images\LineChart.png,In which month was the price of a barrel of oil the lowest in 2015?, A) January B) February C) March D) April ,
1,3,C:\Users\Melita\CSE 4001\VLM-Eval-Research\data\VLAT\images\LineChart.png,What was the price range of a barrel oil in 2015?, A) $30 - $40 B) $40 - $50 C) $50 - $60 D) $60 - $70 ,
1,4,C:\Users\Melita\CSE 4001\VLM-Eval-Research\data\VLAT\images\LineChart.png,"Over the course of the second half of 2015, the price of a barrel of oil was ____________.", A) $40 ,
1,5,C:\Users\Melita\CSE 4001\VLM-Eval-Research\data\VLAT\images\LineChart.png,About how much did the price of a barrel of oil fall from April to September in 2015?, A) $10 ,
1,6,C:\Users\Melita\CSE 4001\VLM-Eval-Research\data\VLAT\images\BarChart.png,What is the average internet speed in Japan?, The average internet speed in Japan is approximately 100 Mbps. ,
1,7,C:\Users\Melita\CSE 4001\VLM-Eval-Research\data\VLAT\images\BarChart.png,In which country is the average internet speed the fastest in Asia?," The image shows a bar chart of internet speeds across different countries. However, without specific labels on the bars or an accompanying legend, it's not possible to determine the exact countries represented in the chart. Therefore, I cannot provide an answer to this question based on the information available in the image. ",
1,8,C:\Users\Melita\CSE 4001\VLM-Eval-Research\data\VLAT\images\BarChart.png,What is the range of the average internet speed in Asia?, The range of the average internet speed in Asia is 0 to 150 Mbps. ,
1,9,C:\Users\Melita\CSE 4001\VLM-Eval-Research\data\VLAT\images\BarChart.png,How many countries in Asia is the average internet speed slower than Thailand?," The image shows a bar chart representing the average internet speed for various countries in Asia. To determine the number of countries in Asia where the average internet speed is slower than Thailand, we need to compare each country's average speed with Thailand's average speed.

Looking at the chart, we can see that Thailand has an average internet speed of approximately 20 Mbps. Now let's examine each bar and compare it to Thailand's speed:

1. India - The average internet speed in India is significantly lower than Thailand's speed, indicating that India is one of the countries where the average internet speed is slower than Thailand.
2. China - The average internet speed in China is also lower than Thailand's speed, suggesting that China is another country where the average internet speed is slower than Thailand.
3. Indonesia - The average internet speed in Indonesia is slightly higher than Thailand's speed, so Indonesia is not one of the countries where the average internet speed is slower than Thailand.
4. Malaysia - The average internet speed in Malaysia is similar to Thailand's speed, so Malaysia is not one of the countries where the average internet speed is slower than Thailand.
5. Philippines - The average internet speed in the Philippines is lower than Thailand's speed, indicating that the Philippines is another country where the average internet speed is slower than Thailand.
6. Vietnam - The average internet speed in Vietnam is higher than Thailand's speed, so Vietnam is not one of the countries where the average internet speed is slower than Thailand.
7. Singapore - The average internet speed in Singapore is significantly higher than Thailand's speed, indicating that Singapore is not one of the countries where the average internet speed is slower than Thailand.
8. South Korea - The average internet speed in South Korea is much higher than Thailand's speed, so South Korea is not one of the countries where the average internet speed is slower than Thailand.
9. Japan - The average internet speed in Japan is significantly higher than Thailand's speed, so Japan is not one of the countries where the average internet speed is slower than Thailand.
10. Taiwan - The average internet speed in Taiwan is much higher than Thailand's speed, so Taiwan is not one of the countries where the average internet speed is slower than Thailand.

Based on this analysis, there are two countries in Asia (India and the Philippines) where the average internet speed is slower than Thailand's speed. Therefore, the answer to the question is:

A) 2 ",
1,10,C:\Users\Melita\CSE 4001\VLM-Eval-Research\data\VLAT\images\StackedBarChart.png,What is the cost of peanuts in Las Vegas?, The cost of peanuts in Las Vegas is $1. ,
1,11,C:\Users\Melita\CSE 4001\VLM-Eval-Research\data\VLAT\images\StackedBarChart.png,About what is the ratio of the cost of a sandwich to the total cost of room service in Seattle?, The ratio of the cost of a sandwich to the total cost of room service in Seattle is 0.167. ,
1,12,C:\Users\Melita\CSE 4001\VLM-Eval-Research\data\VLAT\images\StackedBarChart.png,In which city is the cost of soda the highest?, A) New York City ,
1,13,C:\Users\Melita\CSE 4001\VLM-Eval-Research\data\VLAT\images\StackedBarChart.png,The cost of vodka in Atlanta is higher than that of Honolulu., Yes ,
1,14,C:\Users\Melita\CSE 4001\VLM-Eval-Research\data\VLAT\images\StackedBarChart.png,The ratio of the cost of Soda to the cost of Water in Orlando is higher than that of Washington D.C., Yes ,
1,15,C:\Users\Melita\CSE 4001\VLM-Eval-Research\data\VLAT\images\100StackedBarChart.png,What is the approval rating of Republicans among the people who have the education level of Postgraduate Study?, The approval rating of Republicans among the people who have the education level of Postgraduate Study is 50%. ,
1,16,C:\Users\Melita\CSE 4001\VLM-Eval-Research\data\VLAT\images\100StackedBarChart.png,What is the education level of people in which the Democrats have the lowest approval rating?," The Democrats have the lowest approval rating in the ""College"" category on the chart. ",
1,17,C:\Users\Melita\CSE 4001\VLM-Eval-Research\data\VLAT\images\100StackedBarChart.png,The approval rating of Republicans for the people who have the education level of Some College Degree is lower than that for the people who have the education level of Postgraduate Study., Yes ,
1,18,C:\Users\Melita\CSE 4001\VLM-Eval-Research\data\VLAT\images\PieChart.png,About what is the global smartphone market share of Samsung?, The global smartphone market share of Samsung is 20%. ,
1,19,C:\Users\Melita\CSE 4001\VLM-Eval-Research\data\VLAT\images\PieChart.png,In which company is the global smartphone market share the smallest?, Apple ,
1,20,C:\Users\Melita\CSE 4001\VLM-Eval-Research\data\VLAT\images\PieChart.png,The global smartphone market share of Apple is larger than that of Huawei., Yes ,
1,21,C:\Users\Melita\CSE 4001\VLM-Eval-Research\data\VLAT\images\Histogram.png,How many people have rated the taxi between 4.0 and 4.2?," The chart shows a bar graph with bars representing the number of people who rated a taxi service on a scale from 1 to 5. To determine how many people rated the taxi between 4.0 and 4.2, we need to look for the corresponding bar(s) in the graph.

The bar that represents the rating of 4.0 is located at the left edge of the graph, while the bar representing the rating of 4.2 is slightly to the right of the first bar. The height of this second bar is approximately half the height of the first bar.

Therefore, the number of people who rated the taxi between 4.0 and 4.2 is approximately half the number of people who rated it a 4.0. Since we cannot see the actual numbers on the axes, we can only provide an estimate based on the visual information provided by the image.

Answer: Approximately half the number of people who rated it a 4.0. ",
1,22,C:\Users\Melita\CSE 4001\VLM-Eval-Research\data\VLAT\images\Histogram.png,What is the rating that the people have rated the taxi the most?," The image shows a bar graph with bars of different heights representing the ratings given by people for a taxi service. The highest bar is located on the right side of the graph, indicating that the people have rated the taxi service the most in that particular category. ",
1,23,C:\Users\Melita\CSE 4001\VLM-Eval-Research\data\VLAT\images\Histogram.png,More people have rated the taxi between 4.6 and 4.8 than between 4.2 and 4.4.," Based on the image provided, which shows a bar graph of taxi ratings, it is not possible to definitively determine if more people have rated the taxi between 4.6 and 4.8 than between 4.2 and 4.4. The bars for these two ranges are very close together, making it difficult to accurately compare their heights. Without a clearer view of the graph or additional context, I cannot confidently answer this question. ",
1,24,C:\Users\Melita\CSE 4001\VLM-Eval-Research\data\VLAT\images\Scatterplot.png,What is the weight for the person who is 165.1 cm tall?, The weight for the person who is 165.1 cm tall is approximately 70.3 kg. ,
1,25,C:\Users\Melita\CSE 4001\VLM-Eval-Research\data\VLAT\images\Scatterplot.png,What is the height for the tallest person among the 85 males?, The tallest person among the 85 males has a height of 7. ,
1,26,C:\Users\Melita\CSE 4001\VLM-Eval-Research\data\VLAT\images\Scatterplot.png,What is the range in weight for the 85 males?, The range in weight for the 85 males is 100 pounds. ,
1,27,C:\Users\Melita\CSE 4001\VLM-Eval-Research\data\VLAT\images\Scatterplot.png,What is the height for a person who lies outside the others the most?, The height for a person who lies outside the others the most is 100. ,
1,28,C:\Users\Melita\CSE 4001\VLM-Eval-Research\data\VLAT\images\Scatterplot.png,A group of males are gathered aroud the height of 176 cm and the weight of 70 kg.," The chart shows a scatter plot with two variables, height and weight. There is a cluster of points around the height of 176 cm and the weight of 70 kg. This suggests that there may be a correlation between height and weight among this group of males. However, without additional context or data, it is not possible to determine if this correlation is significant or if it is simply a random occurrence. The chart does not provide enough information to confidently answer the question. ",
1,29,C:\Users\Melita\CSE 4001\VLM-Eval-Research\data\VLAT\images\Scatterplot.png,There is a negative linear relationship between the height and the weight of the 85 males.," The statement ""There is a negative linear relationship between the height and the weight of the 85 males"" is true based on the provided chart. ",
1,30,C:\Users\Melita\CSE 4001\VLM-Eval-Research\data\VLAT\images\Scatterplot.png,The weight for males with the height of 188 cm are all the same., A) Yes ,
1,31,C:\Users\Melita\CSE 4001\VLM-Eval-Research\data\VLAT\images\AreaChart.png,What was the average price of a pound of coffee beans in September 2013?, The average price of a pound of coffee beans in September 2013 was $14.50. ,
1,32,C:\Users\Melita\CSE 4001\VLM-Eval-Research\data\VLAT\images\AreaChart.png,When was the average price of a pound of coffee beans at minimum?, The average price of a pound of coffee beans at minimum was in 2015. ,
1,33,C:\Users\Melita\CSE 4001\VLM-Eval-Research\data\VLAT\images\AreaChart.png,What was the range of the average price of a pound of coffee beans between January 2013 and December 2014?, The range of the average price of a pound of coffee beans between January 2013 and December 2014 was $1.50 to $2.75. ,
1,34,C:\Users\Melita\CSE 4001\VLM-Eval-Research\data\VLAT\images\AreaChart.png,"Over the course of 2013, the average price of a pound of coffee beans was ____________.", The average price of a pound of coffee beans over the course of 2013 was $14.50. ,
1,35,C:\Users\Melita\CSE 4001\VLM-Eval-Research\data\VLAT\images\StackedAreaChart.png,"What was the number of girls named ""Amelia"" in 2010 in the UK?"," The number of girls named ""Amelia"" in 2010 in the UK was approximately 350. ",
1,36,C:\Users\Melita\CSE 4001\VLM-Eval-Research\data\VLAT\images\StackedAreaChart.png,"About what was the ratio of the number of girls named ""Olivia"" to those named ""Isla"" in 2014 in the UK?"," The ratio of the number of girls named ""Olivia"" to those named ""Isla"" in 2014 in the UK was approximately 3.5. ",
1,37,C:\Users\Melita\CSE 4001\VLM-Eval-Research\data\VLAT\images\StackedAreaChart.png,"Over the course of years between 2009 and 2014, when was the number of girls named ""Amelia"" at the maximum?"," The number of girls named ""Amelia"" reached its peak in 2013. ",
1,38,C:\Users\Melita\CSE 4001\VLM-Eval-Research\data\VLAT\images\StackedAreaChart.png,"The number of girls named ""Isla"" was __________ from 2009 to 2012."," The number of girls named ""Isla"" was 3 from 2009 to 2012. ",
1,39,C:\Users\Melita\CSE 4001\VLM-Eval-Research\data\VLAT\images\StackedAreaChart.png,"In the UK, the number of girls named ""Amelia"" in 2014 was more than it was in 2013,", Yes ,
1,40,C:\Users\Melita\CSE 4001\VLM-Eval-Research\data\VLAT\images\StackedAreaChart.png,"Over the course of years between 2009 and 2014, the number of girls named ""Isla"" was always more than ""Olivia""."," Based on the image provided, which shows a line graph comparing the popularity of different girl names over a period of years from 2009 to 2014, it is evident that the number of girls named ""Isla"" was indeed more than ""Olivia"" throughout the entire time frame. Therefore, the correct answer to the question is:

A) Yes, the number of girls named ""Isla"" was always more than ""Olivia"". ",
1,41,C:\Users\Melita\CSE 4001\VLM-Eval-Research\data\VLAT\images\BubbleChart.png,What is the total length of the metro system in Beijing?, The total length of the metro system in Beijing is 200 kilometers. ,
1,42,C:\Users\Melita\CSE 4001\VLM-Eval-Research\data\VLAT\images\BubbleChart.png,Which city/’s metro system has the largest number of stations?, A) New York City ,
1,43,C:\Users\Melita\CSE 4001\VLM-Eval-Research\data\VLAT\images\BubbleChart.png,What is the range of the total length of the metro systems?, The range of the total length of the metro systems is 100 to 250. ,
1,44,C:\Users\Melita\CSE 4001\VLM-Eval-Research\data\VLAT\images\BubbleChart.png,Which city/’s metro system does lie outside the relationship between the total system length and the number of stations most?, C ,
1,45,C:\Users\Melita\CSE 4001\VLM-Eval-Research\data\VLAT\images\BubbleChart.png,A group of the metro systems of the world has approximately 300 stations and around a 200 km system length., Which city's metro system is shown in this image? ,
1,46,C:\Users\Melita\CSE 4001\VLM-Eval-Research\data\VLAT\images\BubbleChart.png,"In general, the ridership of the metro system increases as the number of stations increases.", Yes ,
1,47,C:\Users\Melita\CSE 4001\VLM-Eval-Research\data\VLAT\images\BubbleChart.png,The metro system in Shanghai has more ridership than the metro system in Beijing., Yes ,
1,48,C:\Users\Melita\CSE 4001\VLM-Eval-Research\data\VLAT\images\Map.png,What was the unemployment rate for Indiana (IN) in 2015?, The unemployment rate for Indiana (IN) in 2015 was 4.9%. ,
1,49,C:\Users\Melita\CSE 4001\VLM-Eval-Research\data\VLAT\images\Map.png,In which state was the unemployment rate the highest in 2015?, Hawaii ,
1,50,C:\Users\Melita\CSE 4001\VLM-Eval-Research\data\VLAT\images\Map.png,"In 2015, the unemployment rate for Washington (WA) was higher than that of Wisconsin (WI)."," Based on the image provided, which shows the unemployment rates for each state in the United States in 2015, it is not possible to definitively determine whether the unemployment rate for Washington (WA) was higher than that of Wisconsin (WI). The image does not provide specific numerical values for the unemployment rates in these states. Therefore, I cannot answer this question with certainty. ",
1,51,C:\Users\Melita\CSE 4001\VLM-Eval-Research\data\VLAT\images\TreeMap.png,For which website was the number of unique visitors the largest in 2010?, Google ,
1,52,C:\Users\Melita\CSE 4001\VLM-Eval-Research\data\VLAT\images\TreeMap.png,The number of unique visitors for Amazon was more than that of Yahoo in 2010," Which of the following is true?

A) Facebook
B) Twitter
C) Google
D) Apple
E) Bank of America
F) Yahoo!
G) CNN
H) ESPN
I) Amazon
J) Walmart
K) Target
L) Best Buy
M) Dell
N) Microsoft
O) Apple Store
P) Google Chrome
Q) Google Maps
R) Google Play
S) Google Drive
T) Google Docs
U) Google Sheets
V) Google Slides
W) Google Forms
X) Google Keep
Y) Google Photos
Z) Google Calendar

Correct Answer: I ",
1,53,C:\Users\Melita\CSE 4001\VLM-Eval-Research\data\VLAT\images\TreeMap.png,Samsung is nested in the Financial category., A) True ,
2,1,C:\Users\Melita\CSE 4001\VLM-Eval-Research\data\VLAT\images\LineChart.png,What was the price of a barrel of oil in February 2015?, A) $30 B) $40 C) $50 D) $60 ,
2,2,C:\Users\Melita\CSE 4001\VLM-Eval-Research\data\VLAT\images\LineChart.png,In which month was the price of a barrel of oil the lowest in 2015?, A) January B) February C) March D) April ,
2,3,C:\Users\Melita\CSE 4001\VLM-Eval-Research\data\VLAT\images\LineChart.png,What was the price range of a barrel oil in 2015?, A) $30 - $40 ,
2,4,C:\Users\Melita\CSE 4001\VLM-Eval-Research\data\VLAT\images\LineChart.png,"Over the course of the second half of 2015, the price of a barrel of oil was ____________.", A) $40 ,
2,5,C:\Users\Melita\CSE 4001\VLM-Eval-Research\data\VLAT\images\LineChart.png,About how much did the price of a barrel of oil fall from April to September in 2015?, A) $10 ,
2,6,C:\Users\Melita\CSE 4001\VLM-Eval-Research\data\VLAT\images\BarChart.png,What is the average internet speed in Japan?, The average internet speed in Japan is approximately 100 Mbps. ,
2,7,C:\Users\Melita\CSE 4001\VLM-Eval-Research\data\VLAT\images\BarChart.png,In which country is the average internet speed the fastest in Asia?," The image shows a bar chart of internet speeds across different countries. However, without specific labels on the bars or an accompanying legend, it's not possible to determine the exact countries represented in the chart. To provide an accurate answer, I would need more information about the data displayed in the chart. ",
2,8,C:\Users\Melita\CSE 4001\VLM-Eval-Research\data\VLAT\images\BarChart.png,What is the range of the average internet speed in Asia?, The range of the average internet speed in Asia is 0 to 150 Mbps. ,
2,9,C:\Users\Melita\CSE 4001\VLM-Eval-Research\data\VLAT\images\BarChart.png,How many countries in Asia is the average internet speed slower than Thailand?," The image shows a bar chart representing the average internet speed for various countries in Asia. To determine the number of countries in Asia where the average internet speed is slower than Thailand, we need to compare each country's average speed with Thailand's average speed.

Looking at the chart, we can see that Thailand has an average internet speed of approximately 20 Mbps. Now let's examine each bar and compare it to Thailand's speed:

1. India - The average internet speed in India is significantly lower than Thailand's speed, indicating that India is one of the countries where the average internet speed is slower than Thailand.
2. China - The average internet speed in China is also lower than Thailand's speed, suggesting that China is another country where the average internet speed is slower than Thailand.
3. Indonesia - The average internet speed in Indonesia is slightly higher than Thailand's speed, so Indonesia is not one of the countries where the average internet speed is slower than Thailand.
4. Malaysia - The average internet speed in Malaysia is similar to Thailand's speed, so Malaysia is not one of the countries where the average internet speed is slower than Thailand.
5. Philippines - The average internet speed in the Philippines is lower than Thailand's speed, indicating that the Philippines is another country where the average internet speed is slower than Thailand.
6. Vietnam - The average internet speed in Vietnam is higher than Thailand's speed, so Vietnam is not one of the countries where the average internet speed is slower than Thailand.
7. Singapore - The average internet speed in Singapore is significantly higher than Thailand's speed, indicating that Singapore is not one of the countries where the average internet speed is slower than Thailand.
8. South Korea - The average internet speed in South Korea is much higher than Thailand's speed, so South Korea is not one of the countries where the average internet speed is slower than Thailand.
9. Japan - The average internet speed in Japan is significantly higher than Thailand's speed, so Japan is not one of the countries where the average internet speed is slower than Thailand.
10. Taiwan - The average internet speed in Taiwan is much higher than Thailand's speed, so Taiwan is not one of the countries where the average internet speed is slower than Thailand.

Based on this analysis, there are two countries in Asia (India and the Philippines) where the average internet speed is slower than Thailand's speed. Therefore, the answer to the question is:

A) 2 ",
2,10,C:\Users\Melita\CSE 4001\VLM-Eval-Research\data\VLAT\images\StackedBarChart.png,What is the cost of peanuts in Las Vegas?, The cost of peanuts in Las Vegas is $1. ,
2,11,C:\Users\Melita\CSE 4001\VLM-Eval-Research\data\VLAT\images\StackedBarChart.png,About what is the ratio of the cost of a sandwich to the total cost of room service in Seattle?, The ratio of the cost of a sandwich to the total cost of room service in Seattle is 0.167. ,
2,12,C:\Users\Melita\CSE 4001\VLM-Eval-Research\data\VLAT\images\StackedBarChart.png,In which city is the cost of soda the highest?, A) New York City ,
2,13,C:\Users\Melita\CSE 4001\VLM-Eval-Research\data\VLAT\images\StackedBarChart.png,The cost of vodka in Atlanta is higher than that of Honolulu., Yes ,
2,14,C:\Users\Melita\CSE 4001\VLM-Eval-Research\data\VLAT\images\StackedBarChart.png,The ratio of the cost of Soda to the cost of Water in Orlando is higher than that of Washington D.C., Yes ,
2,15,C:\Users\Melita\CSE 4001\VLM-Eval-Research\data\VLAT\images\100StackedBarChart.png,What is the approval rating of Republicans among the people who have the education level of Postgraduate Study?, The approval rating of Republicans among the people who have the education level of Postgraduate Study is 50%. ,
2,16,C:\Users\Melita\CSE 4001\VLM-Eval-Research\data\VLAT\images\100StackedBarChart.png,What is the education level of people in which the Democrats have the lowest approval rating?," The Democrats have the lowest approval rating in the ""College"" category on the chart. ",
2,17,C:\Users\Melita\CSE 4001\VLM-Eval-Research\data\VLAT\images\100StackedBarChart.png,The approval rating of Republicans for the people who have the education level of Some College Degree is lower than that for the people who have the education level of Postgraduate Study., Yes ,
2,18,C:\Users\Melita\CSE 4001\VLM-Eval-Research\data\VLAT\images\PieChart.png,About what is the global smartphone market share of Samsung?, The global smartphone market share of Samsung is 20%. ,
2,19,C:\Users\Melita\CSE 4001\VLM-Eval-Research\data\VLAT\images\PieChart.png,In which company is the global smartphone market share the smallest?, Apple ,
2,20,C:\Users\Melita\CSE 4001\VLM-Eval-Research\data\VLAT\images\PieChart.png,The global smartphone market share of Apple is larger than that of Huawei., Yes ,
2,21,C:\Users\Melita\CSE 4001\VLM-Eval-Research\data\VLAT\images\Histogram.png,How many people have rated the taxi between 4.0 and 4.2?," The chart shows a bar graph with bars representing the number of people who rated a taxi service on a scale from 1 to 5. To determine how many people rated the taxi between 4.0 and 4.2, we need to look for the corresponding bar(s) in the graph.

The bar that represents the rating of 4.0 is located at the left edge of the graph, while the bar representing the rating of 4.2 is slightly to the right of the first bar. The height of this second bar is approximately half the height of the first bar.

Therefore, the number of people who rated the taxi between 4.0 and 4.2 is approximately half the number of people who rated it a 4.0. Since we cannot see the actual numbers on the axes, we can only provide an estimate based on the visual information provided by the image.

Answer: Approximately half the number of people who rated it a 4.0. ",
2,22,C:\Users\Melita\CSE 4001\VLM-Eval-Research\data\VLAT\images\Histogram.png,What is the rating that the people have rated the taxi the most?," The image shows a bar graph with bars of different heights representing the ratings given by people for a taxi service. The highest bar is located on the right side of the graph, indicating that the people have rated the taxi service the most in that particular category. ",
2,23,C:\Users\Melita\CSE 4001\VLM-Eval-Research\data\VLAT\images\Histogram.png,More people have rated the taxi between 4.6 and 4.8 than between 4.2 and 4.4.," Based on the image provided, which shows a bar graph of taxi ratings, it is not possible to definitively determine if more people have rated the taxi between 4.6 and 4.8 than between 4.2 and 4.4. The bars for these two ranges are very close together, making it difficult to accurately compare their heights. Without a clearer view of the graph or additional context, I cannot confidently answer this question. ",
2,24,C:\Users\Melita\CSE 4001\VLM-Eval-Research\data\VLAT\images\Scatterplot.png,What is the weight for the person who is 165.1 cm tall?, The weight for the person who is 165.1 cm tall is approximately 70.3 kg. ,
2,25,C:\Users\Melita\CSE 4001\VLM-Eval-Research\data\VLAT\images\Scatterplot.png,What is the height for the tallest person among the 85 males?, The tallest person among the 85 males has a height of 7. ,
2,26,C:\Users\Melita\CSE 4001\VLM-Eval-Research\data\VLAT\images\Scatterplot.png,What is the range in weight for the 85 males?, The range in weight for the 85 males is 100 pounds. ,
2,27,C:\Users\Melita\CSE 4001\VLM-Eval-Research\data\VLAT\images\Scatterplot.png,What is the height for a person who lies outside the others the most?, The height for a person who lies outside the others the most is 100. ,
2,28,C:\Users\Melita\CSE 4001\VLM-Eval-Research\data\VLAT\images\Scatterplot.png,A group of males are gathered aroud the height of 176 cm and the weight of 70 kg.," The chart shows a scatter plot with two variables, height and weight. There is a cluster of points around the height of 176 cm and the weight of 70 kg. This suggests that there may be a correlation between height and weight among this group of males. However, without additional context or data, it is not possible to determine if this correlation is significant or if it is simply a random occurrence. The chart does not provide enough information to confidently answer the question. ",
2,29,C:\Users\Melita\CSE 4001\VLM-Eval-Research\data\VLAT\images\Scatterplot.png,There is a negative linear relationship between the height and the weight of the 85 males.," The statement ""There is a negative linear relationship between the height and the weight of the 85 males"" is true based on the provided chart. ",
2,30,C:\Users\Melita\CSE 4001\VLM-Eval-Research\data\VLAT\images\Scatterplot.png,The weight for males with the height of 188 cm are all the same., A) Yes ,
2,31,C:\Users\Melita\CSE 4001\VLM-Eval-Research\data\VLAT\images\AreaChart.png,What was the average price of a pound of coffee beans in September 2013?, The average price of a pound of coffee beans in September 2013 was $14.50. ,
2,32,C:\Users\Melita\CSE 4001\VLM-Eval-Research\data\VLAT\images\AreaChart.png,When was the average price of a pound of coffee beans at minimum?, The average price of a pound of coffee beans at minimum was in 2015. ,
2,33,C:\Users\Melita\CSE 4001\VLM-Eval-Research\data\VLAT\images\AreaChart.png,What was the range of the average price of a pound of coffee beans between January 2013 and December 2014?, The range of the average price of a pound of coffee beans between January 2013 and December 2014 was $1.50 to $2.75. ,
2,34,C:\Users\Melita\CSE 4001\VLM-Eval-Research\data\VLAT\images\AreaChart.png,"Over the course of 2013, the average price of a pound of coffee beans was ____________.", The average price of a pound of coffee beans over the course of 2013 was $14.50. ,
2,35,C:\Users\Melita\CSE 4001\VLM-Eval-Research\data\VLAT\images\StackedAreaChart.png,"What was the number of girls named ""Amelia"" in 2010 in the UK?"," The number of girls named ""Amelia"" in 2010 in the UK was approximately 350. ",
2,36,C:\Users\Melita\CSE 4001\VLM-Eval-Research\data\VLAT\images\StackedAreaChart.png,"About what was the ratio of the number of girls named ""Olivia"" to those named ""Isla"" in 2014 in the UK?"," The ratio of the number of girls named ""Olivia"" to those named ""Isla"" in 2014 in the UK was approximately 3.5. ",
2,37,C:\Users\Melita\CSE 4001\VLM-Eval-Research\data\VLAT\images\StackedAreaChart.png,"Over the course of years between 2009 and 2014, when was the number of girls named ""Amelia"" at the maximum?"," The number of girls named ""Amelia"" reached its peak in 2013. ",
2,38,C:\Users\Melita\CSE 4001\VLM-Eval-Research\data\VLAT\images\StackedAreaChart.png,"The number of girls named ""Isla"" was __________ from 2009 to 2012."," The number of girls named ""Isla"" was 3 from 2009 to 2012. ",
2,39,C:\Users\Melita\CSE 4001\VLM-Eval-Research\data\VLAT\images\StackedAreaChart.png,"In the UK, the number of girls named ""Amelia"" in 2014 was more than it was in 2013,", Yes ,
2,40,C:\Users\Melita\CSE 4001\VLM-Eval-Research\data\VLAT\images\StackedAreaChart.png,"Over the course of years between 2009 and 2014, the number of girls named ""Isla"" was always more than ""Olivia""."," Based on the image provided, which shows a line graph comparing the popularity of different girl names over a period of years from 2009 to 2014, it is evident that the number of girls named ""Isla"" was indeed more than ""Olivia"" throughout the entire time frame. Therefore, the correct answer to the question is:

A) Yes, the number of girls named ""Isla"" was always more than ""Olivia"". ",
2,41,C:\Users\Melita\CSE 4001\VLM-Eval-Research\data\VLAT\images\BubbleChart.png,What is the total length of the metro system in Beijing?, The total length of the metro system in Beijing is 200 kilometers. ,
2,42,C:\Users\Melita\CSE 4001\VLM-Eval-Research\data\VLAT\images\BubbleChart.png,Which city/’s metro system has the largest number of stations?, A) New York City ,
2,43,C:\Users\Melita\CSE 4001\VLM-Eval-Research\data\VLAT\images\BubbleChart.png,What is the range of the total length of the metro systems?, The range of the total length of the metro systems is 100 to 250. ,
2,44,C:\Users\Melita\CSE 4001\VLM-Eval-Research\data\VLAT\images\BubbleChart.png,Which city/’s metro system does lie outside the relationship between the total system length and the number of stations most?, C ,
2,45,C:\Users\Melita\CSE 4001\VLM-Eval-Research\data\VLAT\images\BubbleChart.png,A group of the metro systems of the world has approximately 300 stations and around a 200 km system length., Which city's metro system is shown in this image? ,
2,46,C:\Users\Melita\CSE 4001\VLM-Eval-Research\data\VLAT\images\BubbleChart.png,"In general, the ridership of the metro system increases as the number of stations increases.", Yes ,
2,47,C:\Users\Melita\CSE 4001\VLM-Eval-Research\data\VLAT\images\BubbleChart.png,The metro system in Shanghai has more ridership than the metro system in Beijing., Yes ,
2,48,C:\Users\Melita\CSE 4001\VLM-Eval-Research\data\VLAT\images\Map.png,What was the unemployment rate for Indiana (IN) in 2015?, The unemployment rate for Indiana (IN) in 2015 was 4.9%. ,
2,49,C:\Users\Melita\CSE 4001\VLM-Eval-Research\data\VLAT\images\Map.png,In which state was the unemployment rate the highest in 2015?, Hawaii ,
2,50,C:\Users\Melita\CSE 4001\VLM-Eval-Research\data\VLAT\images\Map.png,"In 2015, the unemployment rate for Washington (WA) was higher than that of Wisconsin (WI)."," Based on the image provided, which shows the unemployment rates for each state in the United States in 2015, it is not possible to definitively determine whether the unemployment rate for Washington (WA) was higher than that of Wisconsin (WI). The image does not provide specific numerical values for the unemployment rates in these states. Therefore, I cannot answer this question with certainty. ",
2,51,C:\Users\Melita\CSE 4001\VLM-Eval-Research\data\VLAT\images\TreeMap.png,For which website was the number of unique visitors the largest in 2010?, Google ,
2,52,C:\Users\Melita\CSE 4001\VLM-Eval-Research\data\VLAT\images\TreeMap.png,The number of unique visitors for Amazon was more than that of Yahoo in 2010," Which of the following is true?

A) Facebook
B) Twitter
C) Google
D) Apple
E) Bank of America
F) Yahoo!
G) CNN
H) ESPN
I) Amazon
J) Walmart
K) Target
L) Best Buy
M) Dell
N) Microsoft
O) Apple Store
P) Google Chrome
Q) Google Maps
R) Google Play
S) Google Drive
T) Google Docs
U) Google Sheets
V) Google Slides
W) Google Forms
X) Google Keep
Y) Google Photos
Z) Google Calendar

Correct Answer: I ",
2,53,C:\Users\Melita\CSE 4001\VLM-Eval-Research\data\VLAT\images\TreeMap.png,Samsung is nested in the Financial category., A) True ,
3,1,C:\Users\Melita\CSE 4001\VLM-Eval-Research\data\VLAT\images\LineChart.png,What was the price of a barrel of oil in February 2015?, A) $30 B) $40 C) $50 D) $60 ,
3,2,C:\Users\Melita\CSE 4001\VLM-Eval-Research\data\VLAT\images\LineChart.png,In which month was the price of a barrel of oil the lowest in 2015?, A) January B) February C) March D) April ,
3,3,C:\Users\Melita\CSE 4001\VLM-Eval-Research\data\VLAT\images\LineChart.png,What was the price range of a barrel oil in 2015?, A) $30 - $40 ,
3,4,C:\Users\Melita\CSE 4001\VLM-Eval-Research\data\VLAT\images\LineChart.png,"Over the course of the second half of 2015, the price of a barrel of oil was ____________.", A) $40 ,
3,5,C:\Users\Melita\CSE 4001\VLM-Eval-Research\data\VLAT\images\LineChart.png,About how much did the price of a barrel of oil fall from April to September in 2015?, A) $10 ,
3,6,C:\Users\Melita\CSE 4001\VLM-Eval-Research\data\VLAT\images\BarChart.png,What is the average internet speed in Japan?, The average internet speed in Japan is approximately 100 Mbps. ,
3,7,C:\Users\Melita\CSE 4001\VLM-Eval-Research\data\VLAT\images\BarChart.png,In which country is the average internet speed the fastest in Asia?," The image shows a bar chart of internet speeds across different countries. However, without specific labels on the bars or an accompanying legend, it's not possible to determine the exact countries represented in the chart. To provide an accurate answer, I would need more information about the data displayed in the chart. ",
3,8,C:\Users\Melita\CSE 4001\VLM-Eval-Research\data\VLAT\images\BarChart.png,What is the range of the average internet speed in Asia?, The range of the average internet speed in Asia is 0 to 150 Mbps. ,
3,9,C:\Users\Melita\CSE 4001\VLM-Eval-Research\data\VLAT\images\BarChart.png,How many countries in Asia is the average internet speed slower than Thailand?," The image shows a bar chart representing the average internet speed for various countries in Asia. To determine the number of countries in Asia where the average internet speed is slower than Thailand, we need to compare each country's average speed with Thailand's average speed.

Looking at the chart, we can see that Thailand has an average internet speed of approximately 20 Mbps. Now let's examine each bar and compare it to Thailand's speed:

1. India - The average internet speed in India is significantly lower than Thailand's speed, indicating that India is one of the countries where the average internet speed is slower than Thailand.
2. China - The average internet speed in China is also lower than Thailand's speed, suggesting that China is another country where the average internet speed is slower than Thailand.
3. Indonesia - The average internet speed in Indonesia is slightly higher than Thailand's speed, so Indonesia is not one of the countries where the average internet speed is slower than Thailand.
4. Malaysia - The average internet speed in Malaysia is similar to Thailand's speed, so Malaysia is not one of the countries where the average internet speed is slower than Thailand.
5. Philippines - The average internet speed in the Philippines is lower than Thailand's speed, indicating that the Philippines is another country where the average internet speed is slower than Thailand.
6. Vietnam - The average internet speed in Vietnam is higher than Thailand's speed, so Vietnam is not one of the countries where the average internet speed is slower than Thailand.
7. Singapore - The average internet speed in Singapore is significantly higher than Thailand's speed, indicating that Singapore is not one of the countries where the average internet speed is slower than Thailand.
8. South Korea - The average internet speed in South Korea is much higher than Thailand's speed, so South Korea is not one of the countries where the average internet speed is slower than Thailand.
9. Japan - The average internet speed in Japan is significantly higher than Thailand's speed, so Japan is not one of the countries where the average internet speed is slower than Thailand.
10. Taiwan - The average internet speed in Taiwan is much higher than Thailand's speed, so Taiwan is not one of the countries where the average internet speed is slower than Thailand.

Based on this analysis, there are two countries in Asia (India and the Philippines) where the average internet speed is slower than Thailand's speed. Therefore, the answer to the question is:

A) 2 ",
3,10,C:\Users\Melita\CSE 4001\VLM-Eval-Research\data\VLAT\images\StackedBarChart.png,What is the cost of peanuts in Las Vegas?, The cost of peanuts in Las Vegas is $1. ,
3,11,C:\Users\Melita\CSE 4001\VLM-Eval-Research\data\VLAT\images\StackedBarChart.png,About what is the ratio of the cost of a sandwich to the total cost of room service in Seattle?, The ratio of the cost of a sandwich to the total cost of room service in Seattle is 0.167. ,
3,12,C:\Users\Melita\CSE 4001\VLM-Eval-Research\data\VLAT\images\StackedBarChart.png,In which city is the cost of soda the highest?, A) New York City ,
3,13,C:\Users\Melita\CSE 4001\VLM-Eval-Research\data\VLAT\images\StackedBarChart.png,The cost of vodka in Atlanta is higher than that of Honolulu., Yes ,
3,14,C:\Users\Melita\CSE 4001\VLM-Eval-Research\data\VLAT\images\StackedBarChart.png,The ratio of the cost of Soda to the cost of Water in Orlando is higher than that of Washington D.C., Yes ,
3,15,C:\Users\Melita\CSE 4001\VLM-Eval-Research\data\VLAT\images\100StackedBarChart.png,What is the approval rating of Republicans among the people who have the education level of Postgraduate Study?, The approval rating of Republicans among the people who have the education level of Postgraduate Study is 50%. ,
3,16,C:\Users\Melita\CSE 4001\VLM-Eval-Research\data\VLAT\images\100StackedBarChart.png,What is the education level of people in which the Democrats have the lowest approval rating?," The Democrats have the lowest approval rating in the ""College"" category on the chart. ",
3,17,C:\Users\Melita\CSE 4001\VLM-Eval-Research\data\VLAT\images\100StackedBarChart.png,The approval rating of Republicans for the people who have the education level of Some College Degree is lower than that for the people who have the education level of Postgraduate Study., Yes ,
3,18,C:\Users\Melita\CSE 4001\VLM-Eval-Research\data\VLAT\images\PieChart.png,About what is the global smartphone market share of Samsung?, The global smartphone market share of Samsung is 20%. ,
3,19,C:\Users\Melita\CSE 4001\VLM-Eval-Research\data\VLAT\images\PieChart.png,In which company is the global smartphone market share the smallest?, Apple ,
3,20,C:\Users\Melita\CSE 4001\VLM-Eval-Research\data\VLAT\images\PieChart.png,The global smartphone market share of Apple is larger than that of Huawei., Yes ,
3,21,C:\Users\Melita\CSE 4001\VLM-Eval-Research\data\VLAT\images\Histogram.png,How many people have rated the taxi between 4.0 and 4.2?," The chart shows a bar graph with bars representing the number of people who rated a taxi service on a scale from 1 to 5. To determine how many people rated the taxi between 4.0 and 4.2, we need to look for the corresponding bar(s) in the graph.

The bar that represents the rating of 4.0 is located at the left edge of the graph, while the bar representing the rating of 4.2 is slightly to the right of the first bar. The height of this second bar is approximately half the height of the first bar.

Therefore, the number of people who rated the taxi between 4.0 and 4.2 is approximately half the number of people who rated it a 4.0. Since we cannot see the actual numbers on the axes, we can only provide an estimate based on the visual information provided by the image.

Answer: Approximately half the number of people who rated it a 4.0. ",
3,22,C:\Users\Melita\CSE 4001\VLM-Eval-Research\data\VLAT\images\Histogram.png,What is the rating that the people have rated the taxi the most?," The image shows a bar graph with bars of different heights representing the ratings given by people for a taxi service. The highest bar is located on the right side of the graph, indicating that the people have rated the taxi service the most in that particular category. ",
3,23,C:\Users\Melita\CSE 4001\VLM-Eval-Research\data\VLAT\images\Histogram.png,More people have rated the taxi between 4.6 and 4.8 than between 4.2 and 4.4.," Based on the image provided, which shows a bar graph of taxi ratings, it is not possible to definitively determine if more people have rated the taxi between 4.6 and 4.8 than between 4.2 and 4.4. The bars for these two ranges are very close together, making it difficult to accurately compare their heights. Without a clearer view of the graph or additional context, I cannot confidently answer this question. ",
3,24,C:\Users\Melita\CSE 4001\VLM-Eval-Research\data\VLAT\images\Scatterplot.png,What is the weight for the person who is 165.1 cm tall?, The weight for the person who is 165.1 cm tall is approximately 70.3 kg. ,
3,25,C:\Users\Melita\CSE 4001\VLM-Eval-Research\data\VLAT\images\Scatterplot.png,What is the height for the tallest person among the 85 males?, The tallest person among the 85 males has a height of 7. ,
3,26,C:\Users\Melita\CSE 4001\VLM-Eval-Research\data\VLAT\images\Scatterplot.png,What is the range in weight for the 85 males?, The range in weight for the 85 males is 100 pounds. ,
3,27,C:\Users\Melita\CSE 4001\VLM-Eval-Research\data\VLAT\images\Scatterplot.png,What is the height for a person who lies outside the others the most?, The height for a person who lies outside the others the most is 100. ,
3,28,C:\Users\Melita\CSE 4001\VLM-Eval-Research\data\VLAT\images\Scatterplot.png,A group of males are gathered aroud the height of 176 cm and the weight of 70 kg.," The chart shows a scatter plot with two variables, height and weight. There is a cluster of points around the height of 176 cm and the weight of 70 kg. This suggests that there may be a correlation between height and weight among this group of males. However, without additional context or data, it is not possible to determine if this correlation is significant or if it is simply a random occurrence. The chart does not provide enough information to confidently answer the question. ",
3,29,C:\Users\Melita\CSE 4001\VLM-Eval-Research\data\VLAT\images\Scatterplot.png,There is a negative linear relationship between the height and the weight of the 85 males.," The statement ""There is a negative linear relationship between the height and the weight of the 85 males"" is true based on the provided chart. ",
3,30,C:\Users\Melita\CSE 4001\VLM-Eval-Research\data\VLAT\images\Scatterplot.png,The weight for males with the height of 188 cm are all the same., A) Yes ,
3,31,C:\Users\Melita\CSE 4001\VLM-Eval-Research\data\VLAT\images\AreaChart.png,What was the average price of a pound of coffee beans in September 2013?, The average price of a pound of coffee beans in September 2013 was $14.50. ,
3,32,C:\Users\Melita\CSE 4001\VLM-Eval-Research\data\VLAT\images\AreaChart.png,When was the average price of a pound of coffee beans at minimum?, The average price of a pound of coffee beans at minimum was in 2015. ,
3,33,C:\Users\Melita\CSE 4001\VLM-Eval-Research\data\VLAT\images\AreaChart.png,What was the range of the average price of a pound of coffee beans between January 2013 and December 2014?, The range of the average price of a pound of coffee beans between January 2013 and December 2014 was $1.50 to $2.75. ,
3,34,C:\Users\Melita\CSE 4001\VLM-Eval-Research\data\VLAT\images\AreaChart.png,"Over the course of 2013, the average price of a pound of coffee beans was ____________.", The average price of a pound of coffee beans over the course of 2013 was $14.50. ,
3,35,C:\Users\Melita\CSE 4001\VLM-Eval-Research\data\VLAT\images\StackedAreaChart.png,"What was the number of girls named ""Amelia"" in 2010 in the UK?"," The number of girls named ""Amelia"" in 2010 in the UK was approximately 350. ",
3,36,C:\Users\Melita\CSE 4001\VLM-Eval-Research\data\VLAT\images\StackedAreaChart.png,"About what was the ratio of the number of girls named ""Olivia"" to those named ""Isla"" in 2014 in the UK?"," The ratio of the number of girls named ""Olivia"" to those named ""Isla"" in 2014 in the UK was approximately 3.5. ",
3,37,C:\Users\Melita\CSE 4001\VLM-Eval-Research\data\VLAT\images\StackedAreaChart.png,"Over the course of years between 2009 and 2014, when was the number of girls named ""Amelia"" at the maximum?"," The number of girls named ""Amelia"" reached its peak in 2013. ",
3,38,C:\Users\Melita\CSE 4001\VLM-Eval-Research\data\VLAT\images\StackedAreaChart.png,"The number of girls named ""Isla"" was __________ from 2009 to 2012."," The number of girls named ""Isla"" was 3 from 2009 to 2012. ",
3,39,C:\Users\Melita\CSE 4001\VLM-Eval-Research\data\VLAT\images\StackedAreaChart.png,"In the UK, the number of girls named ""Amelia"" in 2014 was more than it was in 2013,", Yes ,
3,40,C:\Users\Melita\CSE 4001\VLM-Eval-Research\data\VLAT\images\StackedAreaChart.png,"Over the course of years between 2009 and 2014, the number of girls named ""Isla"" was always more than ""Olivia""."," Based on the image provided, which shows a line graph comparing the popularity of different girl names over a period of years from 2009 to 2014, it is evident that the number of girls named ""Isla"" was indeed more than ""Olivia"" throughout the entire time frame. Therefore, the correct answer to the question is:

A) Yes, the number of girls named ""Isla"" was always more than ""Olivia"". ",
3,41,C:\Users\Melita\CSE 4001\VLM-Eval-Research\data\VLAT\images\BubbleChart.png,What is the total length of the metro system in Beijing?, The total length of the metro system in Beijing is 200 kilometers. ,
3,42,C:\Users\Melita\CSE 4001\VLM-Eval-Research\data\VLAT\images\BubbleChart.png,Which city/’s metro system has the largest number of stations?, A) New York City ,
3,43,C:\Users\Melita\CSE 4001\VLM-Eval-Research\data\VLAT\images\BubbleChart.png,What is the range of the total length of the metro systems?, The range of the total length of the metro systems is 100 to 250. ,
3,44,C:\Users\Melita\CSE 4001\VLM-Eval-Research\data\VLAT\images\BubbleChart.png,Which city/’s metro system does lie outside the relationship between the total system length and the number of stations most?, C ,
3,45,C:\Users\Melita\CSE 4001\VLM-Eval-Research\data\VLAT\images\BubbleChart.png,A group of the metro systems of the world has approximately 300 stations and around a 200 km system length., Which city's metro system is shown in this image? ,
3,46,C:\Users\Melita\CSE 4001\VLM-Eval-Research\data\VLAT\images\BubbleChart.png,"In general, the ridership of the metro system increases as the number of stations increases.", Yes ,
3,47,C:\Users\Melita\CSE 4001\VLM-Eval-Research\data\VLAT\images\BubbleChart.png,The metro system in Shanghai has more ridership than the metro system in Beijing., Yes ,
3,48,C:\Users\Melita\CSE 4001\VLM-Eval-Research\data\VLAT\images\Map.png,What was the unemployment rate for Indiana (IN) in 2015?, The unemployment rate for Indiana (IN) in 2015 was 4.9%. ,
3,49,C:\Users\Melita\CSE 4001\VLM-Eval-Research\data\VLAT\images\Map.png,In which state was the unemployment rate the highest in 2015?, Hawaii ,
3,50,C:\Users\Melita\CSE 4001\VLM-Eval-Research\data\VLAT\images\Map.png,"In 2015, the unemployment rate for Washington (WA) was higher than that of Wisconsin (WI)."," Based on the image provided, which shows the unemployment rates for each state in the United States in 2015, it is not possible to definitively determine whether the unemployment rate for Washington (WA) was higher than that of Wisconsin (WI). The image does not provide specific numerical values for the unemployment rates in these states. Therefore, I cannot answer this question with certainty. ",
3,51,C:\Users\Melita\CSE 4001\VLM-Eval-Research\data\VLAT\images\TreeMap.png,For which website was the number of unique visitors the largest in 2010?, Google ,
3,52,C:\Users\Melita\CSE 4001\VLM-Eval-Research\data\VLAT\images\TreeMap.png,The number of unique visitors for Amazon was more than that of Yahoo in 2010," Which of the following is true?

A) Facebook
B) Twitter
C) Google
D) Apple
E) Bank of America
F) Yahoo!
G) CNN
H) ESPN
I) Amazon
J) Walmart
K) Target
L) Best Buy
M) Dell
N) Microsoft
O) Apple Store
P) Google Chrome
Q) Google Maps
R) Google Play
S) Google Drive
T) Google Docs
U) Google Sheets
V) Google Slides
W) Google Forms
X) Google Keep
Y) Google Photos
Z) Google Calendar

Correct Answer: I ",
3,53,C:\Users\Melita\CSE 4001\VLM-Eval-Research\data\VLAT\images\TreeMap.png,Samsung is nested in the Financial category., A) True ,
